Year,TotalIncidents,YoYPercentageChange
2015,53388,0.0
2016,99114,85.64846032816362
2017,100886,1.7878402647456548
2018,65685,-34.891858136907004
